Automated commit at Sun Feb  9 13:34:43 UTC 2025
Automated commit at Sun Feb  9 13:35:03 UTC 2025
Automated commit at Sun Feb  9 13:38:16 UTC 2025
Automated commit at Mon Feb 10 01:39:49 UTC 2025
Automated commit at Tue Feb 11 01:38:34 UTC 2025
Automated commit at Wed Feb 12 01:38:38 UTC 2025
Automated commit at Thu Feb 13 01:39:17 UTC 2025
Automated commit at Fri Feb 14 01:38:38 UTC 2025
Automated commit at Sat Feb 15 01:37:28 UTC 2025
Automated commit at Sun Feb 16 01:45:25 UTC 2025
Automated commit at Mon Feb 17 01:42:03 UTC 2025
Automated commit at Tue Feb 18 01:38:39 UTC 2025
Automated commit at Wed Feb 19 01:39:25 UTC 2025
Automated commit at Thu Feb 20 01:40:00 UTC 2025
Automated commit at Fri Feb 21 01:40:16 UTC 2025
Automated commit at Sat Feb 22 01:36:45 UTC 2025
Automated commit at Sun Feb 23 01:45:08 UTC 2025
Automated commit at Mon Feb 24 01:42:24 UTC 2025
Automated commit at Tue Feb 25 01:41:48 UTC 2025
Automated commit at Wed Feb 26 01:41:16 UTC 2025
Automated commit at Thu Feb 27 01:41:48 UTC 2025
Automated commit at Fri Feb 28 01:41:56 UTC 2025
Automated commit at Sat Mar  1 01:47:46 UTC 2025
Automated commit at Sun Mar  2 01:46:40 UTC 2025
Automated commit at Mon Mar  3 01:44:42 UTC 2025
Automated commit at Tue Mar  4 01:43:24 UTC 2025
Automated commit at Wed Mar  5 01:43:12 UTC 2025
Automated commit at Thu Mar  6 01:43:36 UTC 2025
Automated commit at Fri Mar  7 01:44:08 UTC 2025
Automated commit at Sat Mar  8 01:16:59 UTC 2025
Automated commit at Sun Mar  9 01:22:59 UTC 2025
Automated commit at Mon Mar 10 01:20:45 UTC 2025
Automated commit at Tue Mar 11 01:44:07 UTC 2025
Automated commit at Wed Mar 12 01:42:58 UTC 2025
Automated commit at Thu Mar 13 01:44:51 UTC 2025
Automated commit at Fri Mar 14 01:42:45 UTC 2025
Automated commit at Sat Mar 15 01:42:07 UTC 2025
Automated commit at Sun Mar 16 01:50:09 UTC 2025
Automated commit at Mon Mar 17 01:47:39 UTC 2025
Automated commit at Tue Mar 18 01:45:06 UTC 2025
Automated commit at Wed Mar 19 01:45:31 UTC 2025
Automated commit at Thu Mar 20 01:44:23 UTC 2025
Automated commit at Fri Mar 21 01:46:19 UTC 2025
Automated commit at Sat Mar 22 01:43:25 UTC 2025
Automated commit at Sun Mar 23 01:51:24 UTC 2025
Automated commit at Mon Mar 24 01:49:14 UTC 2025
Automated commit at Tue Mar 25 01:46:56 UTC 2025
Automated commit at Wed Mar 26 01:46:09 UTC 2025
Automated commit at Thu Mar 27 01:45:48 UTC 2025
Automated commit at Fri Mar 28 01:46:13 UTC 2025
Automated commit at Sat Mar 29 01:45:03 UTC 2025
Automated commit at Sun Mar 30 01:53:44 UTC 2025
Automated commit at Mon Mar 31 01:52:06 UTC 2025
Automated commit at Tue Apr  1 01:58:11 UTC 2025
Automated commit at Wed Apr  2 01:48:15 UTC 2025
Automated commit at Thu Apr  3 01:46:36 UTC 2025
Automated commit at Fri Apr  4 01:46:33 UTC 2025
Automated commit at Sat Apr  5 01:45:00 UTC 2025
Automated commit at Sun Apr  6 01:52:34 UTC 2025
Automated commit at Mon Apr  7 01:50:06 UTC 2025
Automated commit at Tue Apr  8 01:47:27 UTC 2025
Automated commit at Wed Apr  9 01:47:35 UTC 2025
Automated commit at Thu Apr 10 01:47:32 UTC 2025
Automated commit at Fri Apr 11 01:48:17 UTC 2025
Automated commit at Sat Apr 12 01:45:20 UTC 2025
Automated commit at Sun Apr 13 03:14:08 UTC 2025
Automated commit at Mon Apr 14 01:52:14 UTC 2025
Automated commit at Tue Apr 15 01:51:03 UTC 2025
Automated commit at Wed Apr 16 01:50:29 UTC 2025
Automated commit at Thu Apr 17 01:48:54 UTC 2025
Automated commit at Fri Apr 18 01:46:10 UTC 2025
Automated commit at Sat Apr 19 01:44:26 UTC 2025
Automated commit at Sun Apr 20 01:55:19 UTC 2025
Automated commit at Mon Apr 21 01:54:26 UTC 2025
Automated commit at Tue Apr 22 01:49:32 UTC 2025
Automated commit at Wed Apr 23 01:50:02 UTC 2025
Automated commit at Thu Apr 24 01:50:27 UTC 2025
Automated commit at Fri Apr 25 01:51:17 UTC 2025
Automated commit at Sat Apr 26 01:46:51 UTC 2025
Automated commit at Sun Apr 27 01:55:55 UTC 2025
Automated commit at Mon Apr 28 01:54:11 UTC 2025
Automated commit at Tue Apr 29 01:51:52 UTC 2025
Automated commit at Wed Apr 30 01:51:28 UTC 2025
Automated commit at Thu May  1 02:00:18 UTC 2025
Automated commit at Fri May  2 01:52:12 UTC 2025
Automated commit at Sat May  3 01:49:14 UTC 2025
Automated commit at Sun May  4 02:01:03 UTC 2025
Automated commit at Mon May  5 01:56:13 UTC 2025
Automated commit at Tue May  6 01:52:52 UTC 2025
Automated commit at Wed May  7 01:53:29 UTC 2025
Automated commit at Thu May  8 01:54:17 UTC 2025
Automated commit at Fri May  9 01:53:16 UTC 2025
Automated commit at Sat May 10 01:48:40 UTC 2025
Automated commit at Sun May 11 01:59:03 UTC 2025
Automated commit at Mon May 12 01:57:17 UTC 2025
Automated commit at Tue May 13 01:54:54 UTC 2025
Automated commit at Wed May 14 01:53:31 UTC 2025
Automated commit at Thu May 15 01:51:54 UTC 2025
Automated commit at Fri May 16 01:55:06 UTC 2025
Automated commit at Sat May 17 01:51:26 UTC 2025
Automated commit at Sun May 18 02:00:37 UTC 2025
Automated commit at Mon May 19 01:59:33 UTC 2025
Automated commit at Tue May 20 01:55:40 UTC 2025
Automated commit at Wed May 21 01:55:07 UTC 2025
Automated commit at Thu May 22 01:54:39 UTC 2025
Automated commit at Fri May 23 01:54:29 UTC 2025
Automated commit at Sat May 24 01:50:12 UTC 2025
Automated commit at Sun May 25 02:03:28 UTC 2025
Automated commit at Mon May 26 01:58:04 UTC 2025
Automated commit at Tue May 27 01:53:37 UTC 2025
Automated commit at Wed May 28 01:55:37 UTC 2025
Automated commit at Thu May 29 01:55:22 UTC 2025
Automated commit at Fri May 30 01:53:08 UTC 2025
Automated commit at Sat May 31 01:52:48 UTC 2025
Automated commit at Sun Jun  1 02:19:23 UTC 2025
Automated commit at Mon Jun  2 02:00:45 UTC 2025
Automated commit at Tue Jun  3 01:57:19 UTC 2025
Automated commit at Wed Jun  4 01:57:18 UTC 2025
Automated commit at Thu Jun  5 01:56:16 UTC 2025
Automated commit at Fri Jun  6 01:55:28 UTC 2025
Automated commit at Sat Jun  7 01:54:52 UTC 2025
Automated commit at Sun Jun  8 02:05:53 UTC 2025
Automated commit at Mon Jun  9 02:02:58 UTC 2025
Automated commit at Tue Jun 10 01:59:05 UTC 2025
Automated commit at Wed Jun 11 01:58:02 UTC 2025
Automated commit at Thu Jun 12 01:56:40 UTC 2025
Automated commit at Fri Jun 13 01:57:56 UTC 2025
Automated commit at Sat Jun 14 01:53:45 UTC 2025
Automated commit at Sun Jun 15 02:07:44 UTC 2025
Automated commit at Mon Jun 16 02:01:54 UTC 2025
Automated commit at Tue Jun 17 01:58:26 UTC 2025
Automated commit at Wed Jun 18 01:57:39 UTC 2025
Automated commit at Thu Jun 19 01:58:33 UTC 2025
Automated commit at Fri Jun 20 01:57:28 UTC 2025
Automated commit at Sat Jun 21 01:55:18 UTC 2025
Automated commit at Sun Jun 22 02:07:00 UTC 2025
Automated commit at Mon Jun 23 02:05:22 UTC 2025
Automated commit at Tue Jun 24 01:59:20 UTC 2025
Automated commit at Wed Jun 25 01:59:21 UTC 2025
Automated commit at Thu Jun 26 01:58:15 UTC 2025
Automated commit at Fri Jun 27 01:59:12 UTC 2025
Automated commit at Sat Jun 28 01:54:58 UTC 2025
Automated commit at Sun Jun 29 02:09:29 UTC 2025
Automated commit at Mon Jun 30 02:04:24 UTC 2025
Automated commit at Tue Jul  1 02:10:13 UTC 2025
Automated commit at Wed Jul  2 01:58:50 UTC 2025
Automated commit at Thu Jul  3 01:59:12 UTC 2025
Automated commit at Fri Jul  4 01:58:42 UTC 2025
Automated commit at Sat Jul  5 01:54:29 UTC 2025
Automated commit at Sun Jul  6 02:07:57 UTC 2025
Automated commit at Mon Jul  7 02:04:49 UTC 2025
Automated commit at Tue Jul  8 01:59:46 UTC 2025
Automated commit at Wed Jul  9 02:01:04 UTC 2025
Automated commit at Thu Jul 10 02:01:17 UTC 2025
Automated commit at Fri Jul 11 02:03:44 UTC 2025
Automated commit at Sat Jul 12 02:04:35 UTC 2025
Automated commit at Sun Jul 13 02:18:43 UTC 2025
Automated commit at Mon Jul 14 02:08:22 UTC 2025
Automated commit at Tue Jul 15 02:08:08 UTC 2025
Automated commit at Wed Jul 16 02:04:54 UTC 2025
Automated commit at Thu Jul 17 02:05:17 UTC 2025
Automated commit at Fri Jul 18 02:06:53 UTC 2025
Automated commit at Sat Jul 19 02:00:57 UTC 2025
Automated commit at Sun Jul 20 02:20:55 UTC 2025
Automated commit at Mon Jul 21 02:11:46 UTC 2025
Automated commit at Tue Jul 22 02:05:57 UTC 2025
Automated commit at Wed Jul 23 02:07:07 UTC 2025
Automated commit at Thu Jul 24 02:06:06 UTC 2025
Automated commit at Fri Jul 25 02:05:58 UTC 2025
Automated commit at Sat Jul 26 02:02:05 UTC 2025
Automated commit at Sun Jul 27 02:21:51 UTC 2025
Automated commit at Mon Jul 28 02:18:54 UTC 2025
Automated commit at Tue Jul 29 02:23:56 UTC 2025
Automated commit at Wed Jul 30 02:09:02 UTC 2025
Automated commit at Thu Jul 31 02:08:29 UTC 2025
Automated commit at Fri Aug  1 02:25:31 UTC 2025
Automated commit at Sat Aug  2 02:03:09 UTC 2025
Automated commit at Sun Aug  3 02:24:00 UTC 2025
Automated commit at Mon Aug  4 02:23:39 UTC 2025
Automated commit at Tue Aug  5 02:11:31 UTC 2025
Automated commit at Wed Aug  6 02:09:37 UTC 2025
Automated commit at Thu Aug  7 02:10:00 UTC 2025
Automated commit at Fri Aug  8 02:09:44 UTC 2025
Automated commit at Sat Aug  9 01:58:34 UTC 2025
Automated commit at Sun Aug 10 02:19:39 UTC 2025
Automated commit at Mon Aug 11 02:09:43 UTC 2025
Automated commit at Tue Aug 12 01:57:28 UTC 2025
Automated commit at Wed Aug 13 01:59:48 UTC 2025
Automated commit at Thu Aug 14 01:59:58 UTC 2025
Automated commit at Fri Aug 15 02:00:40 UTC 2025
Automated commit at Sat Aug 16 01:55:04 UTC 2025
Automated commit at Sun Aug 17 02:06:35 UTC 2025
Automated commit at Mon Aug 18 02:07:08 UTC 2025
Automated commit at Tue Aug 19 01:54:10 UTC 2025
Automated commit at Wed Aug 20 01:52:29 UTC 2025
Automated commit at Thu Aug 21 01:51:06 UTC 2025
Automated commit at Fri Aug 22 01:51:49 UTC 2025
Automated commit at Sat Aug 23 01:47:40 UTC 2025
Automated commit at Sun Aug 24 02:02:09 UTC 2025
Automated commit at Mon Aug 25 01:56:32 UTC 2025
Automated commit at Tue Aug 26 01:52:41 UTC 2025
Automated commit at Wed Aug 27 01:48:58 UTC 2025
Automated commit at Thu Aug 28 01:48:20 UTC 2025
Automated commit at Fri Aug 29 01:48:19 UTC 2025
Automated commit at Sat Aug 30 01:42:48 UTC 2025
Automated commit at Sun Aug 31 01:53:49 UTC 2025
Automated commit at Mon Sep  1 02:03:48 UTC 2025
Automated commit at Tue Sep  2 01:50:03 UTC 2025
Automated commit at Wed Sep  3 01:42:48 UTC 2025
Automated commit at Thu Sep  4 01:43:12 UTC 2025
Automated commit at Fri Sep  5 01:45:41 UTC 2025
Automated commit at Sat Sep  6 01:42:23 UTC 2025
Automated commit at Sun Sep  7 01:51:17 UTC 2025
Automated commit at Mon Sep  8 01:51:10 UTC 2025
Automated commit at Tue Sep  9 01:47:21 UTC 2025
Automated commit at Wed Sep 10 01:43:48 UTC 2025
Automated commit at Thu Sep 11 01:46:44 UTC 2025
Automated commit at Fri Sep 12 01:42:13 UTC 2025
Automated commit at Sat Sep 13 01:38:10 UTC 2025
Automated commit at Sun Sep 14 01:50:37 UTC 2025
Automated commit at Mon Sep 15 01:52:23 UTC 2025
Automated commit at Tue Sep 16 01:43:32 UTC 2025
Automated commit at Wed Sep 17 01:43:14 UTC 2025
Automated commit at Thu Sep 18 01:43:38 UTC 2025
Automated commit at Fri Sep 19 01:46:41 UTC 2025
Automated commit at Sat Sep 20 01:41:37 UTC 2025
Automated commit at Sun Sep 21 01:53:51 UTC 2025
Automated commit at Mon Sep 22 01:53:49 UTC 2025
Automated commit at Tue Sep 23 01:44:23 UTC 2025
Automated commit at Wed Sep 24 01:45:47 UTC 2025
Automated commit at Thu Sep 25 01:46:27 UTC 2025
Automated commit at Fri Sep 26 01:45:44 UTC 2025
Automated commit at Sat Sep 27 01:41:18 UTC 2025
Automated commit at Sun Sep 28 01:54:37 UTC 2025
Automated commit at Mon Sep 29 01:48:47 UTC 2025
Automated commit at Tue Sep 30 01:43:45 UTC 2025
Automated commit at Wed Oct  1 01:56:03 UTC 2025
Automated commit at Thu Oct  2 01:43:52 UTC 2025
Automated commit at Fri Oct  3 01:43:46 UTC 2025
Automated commit at Sat Oct  4 01:40:13 UTC 2025
Automated commit at Sun Oct  5 01:53:50 UTC 2025
Automated commit at Mon Oct  6 01:47:02 UTC 2025
Automated commit at Tue Oct  7 01:44:29 UTC 2025
Automated commit at Wed Oct  8 01:44:49 UTC 2025
Automated commit at Thu Oct  9 01:45:37 UTC 2025
Automated commit at Fri Oct 10 01:46:17 UTC 2025
Automated commit at Sat Oct 11 01:41:40 UTC 2025
Automated commit at Sun Oct 12 01:49:38 UTC 2025
Automated commit at Mon Oct 13 01:53:08 UTC 2025
Automated commit at Tue Oct 14 01:46:34 UTC 2025
Automated commit at Wed Oct 15 01:49:20 UTC 2025
Automated commit at Thu Oct 16 01:48:11 UTC 2025
Automated commit at Fri Oct 17 01:47:02 UTC 2025
Automated commit at Sat Oct 18 01:42:09 UTC 2025
Automated commit at Sun Oct 19 01:59:01 UTC 2025
Automated commit at Mon Oct 20 01:56:09 UTC 2025
Automated commit at Tue Oct 21 01:50:06 UTC 2025
Automated commit at Wed Oct 22 01:53:28 UTC 2025
Automated commit at Thu Oct 23 01:49:00 UTC 2025
Automated commit at Fri Oct 24 01:45:03 UTC 2025
Automated commit at Sat Oct 25 01:46:36 UTC 2025
Automated commit at Sun Oct 26 01:55:23 UTC 2025
Automated commit at Mon Oct 27 01:59:32 UTC 2025
Automated commit at Tue Oct 28 01:49:15 UTC 2025
Automated commit at Wed Oct 29 01:56:03 UTC 2025
Automated commit at Thu Oct 30 01:55:31 UTC 2025
Automated commit at Fri Oct 31 01:52:26 UTC 2025
Automated commit at Sat Nov  1 01:55:39 UTC 2025
Automated commit at Sun Nov  2 01:58:14 UTC 2025
Automated commit at Mon Nov  3 01:57:24 UTC 2025
Automated commit at Tue Nov  4 01:52:59 UTC 2025
Automated commit at Wed Nov  5 01:54:12 UTC 2025
Automated commit at Thu Nov  6 01:54:15 UTC 2025
Automated commit at Fri Nov  7 01:53:05 UTC 2025
Automated commit at Sat Nov  8 01:46:58 UTC 2025
Automated commit at Sun Nov  9 01:56:54 UTC 2025
Automated commit at Mon Nov 10 01:58:38 UTC 2025
Automated commit at Tue Nov 11 01:54:49 UTC 2025
Automated commit at Wed Nov 12 01:54:13 UTC 2025
Automated commit at Thu Nov 13 01:55:41 UTC 2025
Automated commit at Fri Nov 14 01:54:44 UTC 2025
Automated commit at Sat Nov 15 01:50:35 UTC 2025
Automated commit at Sun Nov 16 02:00:29 UTC 2025
Automated commit at Mon Nov 17 01:55:40 UTC 2025
Automated commit at Tue Nov 18 01:53:59 UTC 2025
Automated commit at Wed Nov 19 01:53:51 UTC 2025
Automated commit at Thu Nov 20 01:52:21 UTC 2025
Automated commit at Fri Nov 21 01:53:17 UTC 2025
Automated commit at Sat Nov 22 01:49:19 UTC 2025
Automated commit at Sun Nov 23 02:07:38 UTC 2025
Automated commit at Mon Nov 24 02:01:59 UTC 2025
Automated commit at Tue Nov 25 01:55:22 UTC 2025
Automated commit at Wed Nov 26 01:55:21 UTC 2025
Automated commit at Thu Nov 27 01:53:07 UTC 2025
Automated commit at Fri Nov 28 01:52:59 UTC 2025
Automated commit at Sat Nov 29 01:52:46 UTC 2025
Automated commit at Sun Nov 30 02:06:32 UTC 2025
Automated commit at Mon Dec  1 02:20:11 UTC 2025
Automated commit at Tue Dec  2 01:59:03 UTC 2025
Automated commit at Wed Dec  3 01:56:50 UTC 2025
Automated commit at Thu Dec  4 01:57:57 UTC 2025
Automated commit at Fri Dec  5 01:58:15 UTC 2025
Automated commit at Sat Dec  6 01:51:46 UTC 2025
Automated commit at Sun Dec  7 02:07:17 UTC 2025
Automated commit at Mon Dec  8 01:59:06 UTC 2025
Automated commit at Tue Dec  9 01:58:06 UTC 2025
Automated commit at Wed Dec 10 02:00:06 UTC 2025
Automated commit at Thu Dec 11 02:01:57 UTC 2025
Automated commit at Fri Dec 12 02:01:02 UTC 2025
Automated commit at Sat Dec 13 01:54:56 UTC 2025
Automated commit at Sun Dec 14 02:07:36 UTC 2025
Automated commit at Mon Dec 15 02:05:17 UTC 2025
Automated commit at Tue Dec 16 02:01:48 UTC 2025
Automated commit at Wed Dec 17 01:57:11 UTC 2025
Automated commit at Thu Dec 18 01:57:46 UTC 2025
Automated commit at Fri Dec 19 02:00:44 UTC 2025
Automated commit at Sat Dec 20 01:54:38 UTC 2025
Automated commit at Sun Dec 21 02:07:43 UTC 2025
Automated commit at Mon Dec 22 02:06:49 UTC 2025
Automated commit at Tue Dec 23 02:02:18 UTC 2025
Automated commit at Wed Dec 24 02:00:11 UTC 2025
Automated commit at Thu Dec 25 02:02:23 UTC 2025
Automated commit at Fri Dec 26 02:01:29 UTC 2025
Automated commit at Sat Dec 27 01:59:09 UTC 2025
Automated commit at Sun Dec 28 02:19:32 UTC 2025
Automated commit at Mon Dec 29 02:11:23 UTC 2025
Automated commit at Tue Dec 30 02:03:01 UTC 2025
Automated commit at Wed Dec 31 02:03:22 UTC 2025
Automated commit at Thu Jan  1 02:20:03 UTC 2026
Automated commit at Fri Jan  2 02:04:48 UTC 2026
Automated commit at Sat Jan  3 01:58:21 UTC 2026
Automated commit at Sun Jan  4 02:21:31 UTC 2026
Automated commit at Mon Jan  5 02:21:05 UTC 2026
Automated commit at Tue Jan  6 02:04:48 UTC 2026
Automated commit at Wed Jan  7 02:04:37 UTC 2026
Automated commit at Thu Jan  8 02:04:49 UTC 2026
Automated commit at Fri Jan  9 02:06:05 UTC 2026
Automated commit at Sat Jan 10 02:01:52 UTC 2026
Automated commit at Sun Jan 11 02:21:13 UTC 2026
Automated commit at Mon Jan 12 02:11:05 UTC 2026
Automated commit at Tue Jan 13 02:02:18 UTC 2026
Automated commit at Wed Jan 14 02:09:35 UTC 2026
Automated commit at Thu Jan 15 02:04:14 UTC 2026
Automated commit at Fri Jan 16 02:06:18 UTC 2026
Automated commit at Sat Jan 17 02:00:20 UTC 2026
Automated commit at Sun Jan 18 02:19:54 UTC 2026
Automated commit at Mon Jan 19 02:11:24 UTC 2026
Automated commit at Tue Jan 20 02:06:13 UTC 2026
Automated commit at Wed Jan 21 02:08:59 UTC 2026
Automated commit at Thu Jan 22 02:10:36 UTC 2026
Automated commit at Fri Jan 23 02:05:51 UTC 2026
Automated commit at Sat Jan 24 02:02:21 UTC 2026
Automated commit at Sun Jan 25 02:23:26 UTC 2026
Automated commit at Mon Jan 26 02:22:32 UTC 2026
Automated commit at Tue Jan 27 02:19:02 UTC 2026
Automated commit at Wed Jan 28 02:08:47 UTC 2026
Automated commit at Thu Jan 29 02:30:41 UTC 2026
Automated commit at Fri Jan 30 02:30:35 UTC 2026
Automated commit at Sat Jan 31 02:26:23 UTC 2026
Automated commit at Sun Feb  1 02:51:19 UTC 2026
Automated commit at Mon Feb  2 02:40:58 UTC 2026
Automated commit at Tue Feb  3 02:37:18 UTC 2026
Automated commit at Wed Feb  4 02:31:42 UTC 2026
Automated commit at Thu Feb  5 02:33:40 UTC 2026
Automated commit at Fri Feb  6 02:34:04 UTC 2026
Automated commit at Sat Feb  7 02:29:16 UTC 2026
Automated commit at Sun Feb  8 02:56:38 UTC 2026
Automated commit at Mon Feb  9 02:41:42 UTC 2026
Automated commit at Tue Feb 10 02:50:25 UTC 2026
Automated commit at Wed Feb 11 02:47:57 UTC 2026
Automated commit at Thu Feb 12 02:43:16 UTC 2026
Automated commit at Fri Feb 13 02:44:14 UTC 2026
Automated commit at Sat Feb 14 02:31:16 UTC 2026
Automated commit at Sun Feb 15 02:44:34 UTC 2026
Automated commit at Mon Feb 16 02:40:11 UTC 2026
Automated commit at Tue Feb 17 02:36:25 UTC 2026
Automated commit at Wed Feb 18 02:40:11 UTC 2026
Automated commit at Thu Feb 19 02:39:31 UTC 2026
Automated commit at Fri Feb 20 02:33:46 UTC 2026
Automated commit at Sat Feb 21 02:27:27 UTC 2026
Automated commit at Sun Feb 22 02:39:59 UTC 2026
Automated commit at Mon Feb 23 02:40:26 UTC 2026
Automated commit at Tue Feb 24 02:37:06 UTC 2026
Automated commit at Wed Feb 25 02:38:01 UTC 2026
Automated commit at Thu Feb 26 02:33:25 UTC 2026
